#{"t_start": 1782183789.7660842, "env_id": "None"}
r,l,t,true_done
0.53,48,0.713143,True
-0.5,50,0.738091,False
-0.5,50,0.763145,False
0.5,50,0.788536,False
-0.5,50,0.813336,False
1.5,50,0.837775,False
-0.5,50,0.862283,False
-0.5,50,0.886827,False
1.5,50,0.912398,False
-0.5,50,0.938873,False
0.5,50,0.96415,False
3.5,50,0.988472,False
1.67,34,1.005712,True
0.5,50,1.030343,False
0.5,50,1.054918,False
-0.5,50,1.079163,False
-0.5,50,1.104223,False
3.5,50,1.129874,False
0.5,50,1.156596,False
-0.5,50,1.184295,False
-0.5,50,1.21247,False
-0.5,50,1.238639,False
-0.5,50,1.264523,False
0.5,50,1.289163,False
0.5,50,1.315223,False
-0.5,50,1.340458,False
1.5,50,1.365555,False
0.5,50,1.389958,False
-0.5,50,1.415084,False
-0.5,50,1.440046,False
0.5,50,1.465218,False
1.5,50,1.489743,False
-0.5,50,1.514223,False
2.74,27,1.527422,True
-0.5,50,1.553149,False
0.57,44,1.574596,True
1.5,50,1.598444,False
-0.5,50,1.62339,False
0.5,50,1.647623,False
1.5,50,1.672146,False
0.5,50,1.6964,False
-0.5,50,2.624504,False
0.5,50,2.650986,False
3.51,50,2.679417,True
2.5,50,2.708074,False
-0.5,50,2.734595,False
-0.5,50,2.761335,False
-0.5,50,2.790119,False
0.84,17,2.799906,True
-0.5,50,2.826728,False
0.5,50,2.851205,False
1.75,26,2.864239,True
3.52,49,2.887301,True
3.64,37,2.905453,True
0.5,50,2.929772,False
-0.5,50,2.953927,False
-0.5,50,2.978165,False
-0.5,50,3.002915,False
0.5,50,3.027163,False
0.78,23,3.039398,True
1.5,50,3.063984,False
-0.5,50,3.089258,False
2.5,50,3.114476,False
0.5,50,3.155993,False
-0.5,50,3.188509,False
-0.5,50,3.227188,False
-0.5,50,3.253953,False
2.63,38,3.273255,True
0.67,34,3.289962,True
0.5,50,3.316867,False
1.5,50,3.342231,False
-0.5,50,3.368236,False
-0.5,50,3.393066,False
0.5,50,3.417978,False
0.63,38,3.436445,True
-0.5,50,3.460933,False
-0.5,50,3.485708,False
3.5,50,3.51041,False
0.55,46,3.533456,True
0.5,50,3.558307,False
-0.5,50,3.582965,False
-0.5,50,3.608117,False
-0.5,50,3.632626,False
1.5,50,3.65802,False
0.5,50,3.681857,False
0.51,50,4.731197,True
4.52,49,4.761485,True
-0.5,50,4.793036,False
1.56,45,4.818694,True
0.5,50,4.84805,False
-0.5,50,4.87746,False
0.56,45,4.905822,True
2.5,50,4.934272,False
2.61,40,4.955508,True
-0.5,50,4.982573,False
-0.5,50,5.008975,False
-0.5,50,5.035549,False
2.7,31,5.0516,True
0.5,50,5.077023,False
0.82,19,5.087114,True
0.71,30,5.102632,True
0.86,15,5.110185,True
2.54,47,5.133951,True
5.5,50,5.159705,False
-0.5,50,5.184597,False
0.66,35,5.203759,True
1.68,33,5.220675,True
1.62,39,5.240366,True
1.8,21,5.251037,True
1.69,32,5.267302,True
0.5,50,5.291466,False
0.5,50,5.317067,False
0.63,38,5.336671,True
1.69,32,5.352938,True
1.51,50,5.377459,True
2.5,50,5.402093,False
0.75,26,5.414945,True
1.76,25,5.427516,True
0.5,50,5.45261,False
0.5,50,5.477171,False
1.62,39,5.496079,True
0.77,24,5.508269,True
7.5,50,5.53331,False
1.67,34,5.552152,True
1.54,47,5.577202,True
0.76,25,5.590503,True
-0.5,50,5.617151,False
4.72,29,5.631721,True
0.64,37,5.649605,True
1.55,46,5.67228,True
0.71,30,5.687095,True
2.62,39,5.706335,True
3.5,50,5.731512,False
0.64,37,5.750251,True
1.77,24,5.762202,True
0.5,50,5.786549,False
0.5,50,6.815342,False
1.75,26,6.832676,True
0.64,37,6.854731,True
1.81,20,6.867428,True
0.7,31,6.887399,True
0.82,19,6.900044,True
0.64,37,6.923844,True
1.75,26,6.941081,True
1.67,34,6.962672,True
0.57,44,6.988669,True
0.85,16,6.998674,True
0.68,33,7.016752,True
0.69,32,7.034397,True
4.74,27,7.04777,True
-0.5,50,7.073086,False
2.72,29,7.088468,True
1.69,32,7.104931,True
0.5,50,7.131075,False
0.57,44,7.154065,True
0.66,35,7.172056,True
0.79,22,7.18378,True
0.67,34,7.20203,True
0.75,26,7.216172,True
1.78,23,7.227853,True
3.55,46,7.252548,True
1.82,19,7.262348,True
1.75,26,7.276581,True
2.5,50,7.302805,False
0.66,35,7.321915,True
1.67,34,7.340262,True
3.61,40,7.36112,True
1.77,24,7.373464,True
0.82,19,7.383113,True
2.87,14,7.390265,True
1.78,23,7.402087,True
0.81,20,7.412238,True
0.75,26,7.425917,True
0.5,50,7.451274,False
-0.5,50,7.476921,False
-0.5,50,7.503293,False
3.65,36,7.521625,True
0.75,26,7.53514,True
1.87,14,7.542148,True
1.81,20,7.552794,True
0.66,35,7.570917,True
1.71,30,7.58635,True
2.68,33,7.60328,True
1.5,50,7.629479,False
1.69,32,7.645713,True
0.79,22,7.656721,True
3.68,33,7.673612,True
0.8,21,7.684772,True
0.81,20,7.694919,True
2.77,24,7.707117,True
0.69,32,7.723423,True
0.63,38,7.742929,True
0.86,15,7.751404,True
2.5,50,7.776739,False
2.61,40,7.797565,True
0.69,32,7.814414,True
0.67,34,7.83168,True
1.68,33,7.848117,True
0.78,23,7.860124,True
1.75,26,7.873197,True
-0.5,50,8.832141,False
1.67,34,8.851129,True
1.82,19,8.862167,True
0.8,21,8.872863,True
4.69,32,8.891842,True
1.64,37,8.912902,True
2.71,30,8.929848,True
0.8,21,8.943629,True
0.57,44,8.968779,True
2.77,24,8.981983,True
1.78,23,8.995995,True
0.76,25,9.010866,True
1.66,35,9.029884,True
1.77,24,9.04185,True
1.78,23,9.053008,True
1.8,21,9.063211,True
2.81,20,9.072939,True
1.65,36,9.090801,True
0.74,27,9.104119,True
1.87,14,9.110893,True
1.82,19,9.119744,True
0.64,37,9.138315,True
1.77,24,9.150841,True
0.77,24,9.162194,True
4.72,29,9.176132,True
6.52,49,9.200633,True
1.73,28,9.214134,True
0.8,21,9.224095,True
3.64,37,9.24182,True
0.66,35,9.258529,True
2.71,30,9.277129,True
2.79,22,9.289422,True
1.76,25,9.302895,True
7.52,49,9.327884,True
3.5,50,9.353239,False
1.72,29,9.368995,True
0.63,38,9.387562,True
0.69,32,9.402888,True
1.78,23,9.413978,True
6.59,42,9.434386,True
1.8,21,9.44492,True
1.67,34,9.461416,True
1.64,37,9.479107,True
1.81,20,9.48853,True
1.89,12,9.49448,True
0.59,42,9.514655,True
1.73,28,9.528014,True
1.66,35,9.54507,True
0.66,35,9.562068,True
0.77,24,9.573545,True
1.64,37,9.591139,True
0.86,15,9.598165,True
1.86,15,9.605276,True
1.73,28,9.618412,True
1.61,40,9.637488,True
2.84,17,9.645731,True
1.74,27,9.658852,True
0.83,18,9.667619,True
1.74,27,9.680353,True
0.75,26,9.692737,True
0.87,14,9.699529,True
2.71,30,9.714897,True
1.75,26,9.727055,True
1.76,25,9.739135,True
0.64,37,9.756822,True
1.7,31,9.771696,True
0.84,17,9.779791,True
1.86,15,9.787299,True
1.53,48,9.810739,True
1.73,28,9.824075,True
1.78,23,9.835272,True
1.78,23,9.846131,True
0.8,21,9.856155,True
2.55,46,10.797348,True
1.64,37,10.81802,True
0.85,16,10.827943,True
0.83,18,10.83787,True
1.77,24,10.852275,True
1.83,18,10.863277,True
0.5,50,10.890727,False
1.87,14,10.901111,True
4.55,46,10.9316,True
1.77,24,10.945946,True
0.8,21,10.95846,True
7.52,49,10.984787,True
1.7,31,11.000471,True
1.65,36,11.017792,True
1.74,27,11.03071,True
3.61,40,11.050282,True
-0.5,50,11.074574,False
2.7,31,11.089874,True
1.76,25,11.101933,True
0.87,14,11.109044,True
5.66,35,11.125877,True
1.75,26,11.13867,True
2.65,36,11.156633,True
4.74,27,11.169764,True
0.5,50,11.194568,False
3.5,50,11.219762,False
1.68,33,11.236286,True
2.83,18,11.245067,True
1.5,50,11.270838,False
3.74,27,11.28429,True
0.83,18,11.29297,True
1.85,16,11.301298,True
0.66,35,11.319069,True
1.62,39,11.34076,True
2.5,50,11.366486,False
6.5,50,11.392303,False
1.69,32,11.40932,True
2.59,42,11.433057,True
3.57,44,11.458512,True
0.81,20,11.4698,True
2.51,50,11.495987,True
0.86,15,11.503971,True
2.76,25,11.517549,True
1.64,37,11.537881,True
1.78,23,11.550606,True
1.76,25,11.56392,True
0.77,24,11.576652,True
0.65,36,11.596005,True
0.83,18,11.604798,True
3.66,35,11.621737,True
3.71,30,11.636715,True
0.8,21,11.647247,True
1.83,18,11.656378,True
1.69,32,11.672701,True
1.8,21,11.683372,True
2.65,36,11.702069,True
1.65,36,11.720299,True
1.72,29,11.735076,True
1.81,20,11.744713,True
1.51,50,11.769975,True
3.74,27,11.783406,True
0.82,19,11.793385,True
0.77,24,11.806763,True
1.78,23,11.819375,True
0.81,20,11.829911,True
4.64,37,11.848701,True
1.76,25,12.793031,True
3.59,42,12.81859,True
1.75,26,12.834566,True
3.53,48,12.865301,True
1.77,24,12.88059,True
2.66,35,12.903293,True
5.5,50,12.934862,False
5.5,50,12.9684,False
3.5,50,12.995305,False
5.5,50,13.021686,False
1.74,27,13.03514,True
4.59,42,13.056419,True
4.5,50,13.0815,False
2.73,28,13.095299,True
1.81,20,13.104993,True
2.55,46,13.129826,True
0.84,17,13.137997,True
4.61,40,13.15808,True
1.77,24,13.169816,True
3.5,50,13.19425,False
2.5,50,13.21891,False
-0.5,50,13.243751,False
1.68,33,13.260714,True
0.72,29,13.275049,True
2.5,50,13.29921,False
1.62,39,13.3192,True
0.79,22,13.330486,True
2.54,47,13.353708,True
1.67,34,13.37049,True
3.61,40,13.389545,True
4.5,50,13.414063,False
5.5,50,13.438941,False
0.5,50,13.463721,False
0.64,37,13.481731,True
0.8,21,13.491825,True
3.5,50,13.517641,False
5.5,50,13.543404,False
1.74,27,13.556654,True
0.5,50,13.582258,False
0.81,20,13.592495,True
0.5,50,13.616819,False
2.83,18,13.625707,True
3.63,38,13.643912,True
1.77,24,13.655448,True
0.51,50,13.679681,True
1.8,21,13.69046,True
-0.5,50,13.715834,False
1.78,23,13.727402,True
0.5,50,13.752106,False
1.73,28,13.765796,True
3.6,41,13.785863,True
4.5,50,13.810264,False
2.77,24,13.82185,True
1.72,29,13.836473,True
1.5,50,14.793185,False
5.5,50,14.823655,False
4.5,50,14.854136,False
9.5,50,14.88436,False
6.65,36,14.906976,True
3.5,50,14.941568,False
1.5,50,14.972661,False
0.68,33,14.990482,True
0.57,44,15.013771,True
4.5,50,15.039549,False
-0.5,50,15.066021,False
6.5,50,15.092936,False
1.5,50,15.120608,False
2.56,45,15.145335,True
2.5,50,15.172494,False
6.5,50,15.199462,False
0.71,30,15.216029,True
1.5,50,15.242662,False
3.5,50,15.269398,False
6.5,50,15.295888,False
5.5,50,15.323067,False
0.77,24,15.336681,True
1.5,50,15.363852,False
2.5,50,15.390216,False
3.5,50,15.41642,False
4.75,26,15.430626,True
0.63,38,15.450515,True
3.5,50,15.477941,False
5.5,50,15.505378,False
0.5,50,15.533451,False
5.55,46,15.55854,True
0.5,50,15.584903,False
3.52,49,15.61084,True
4.5,50,15.637203,False
2.5,50,15.663731,False
7.5,50,15.690836,False
2.5,50,15.720034,False
1.5,50,15.749607,False
2.75,26,15.769429,True
4.57,44,15.792451,True
7.5,50,15.818561,False
8.5,50,15.84469,False
5.5,50,15.870786,False
4.7,31,15.887453,True
3.5,50,15.913645,False
-0.5,50,16.859491,False
4.5,50,16.891456,False
8.5,50,16.922704,False
6.5,50,16.953083,False
7.5,50,16.985432,False
2.5,50,17.01699,False
5.5,50,17.043041,False
6.5,50,17.069189,False
7.5,50,17.095175,False
2.6,41,17.11663,True
3.5,50,17.144202,False
6.5,50,17.171203,False
6.5,50,17.19748,False
2.5,50,17.224032,False
5.5,50,17.249886,False
1.5,50,17.276822,False
4.5,50,17.303043,False
7.5,50,17.329949,False
8.5,50,17.356715,False
2.5,50,17.383397,False
6.5,50,17.409678,False
8.5,50,17.435652,False
0.7,31,17.452124,True
8.5,50,17.478149,False
0.5,50,17.504108,False
10.5,50,17.530353,False
3.5,50,17.556823,False
5.5,50,17.583381,False
6.5,50,17.609751,False
6.5,50,17.636223,False
6.5,50,17.662788,False
10.5,50,17.689154,False
5.5,50,17.715739,False
2.5,50,17.742155,False
5.5,50,17.768424,False
7.5,50,17.794633,False
5.58,43,17.817247,True
2.5,50,17.843175,False
4.5,50,17.869781,False
3.73,28,17.884536,True
2.5,50,17.910906,False
3.5,50,17.937361,False
3.5,50,18.850934,False
9.5,50,18.880636,False
6.5,50,18.911582,False
7.5,50,18.939274,False
3.5,50,18.968341,False
6.5,50,18.999607,False
7.5,50,19.027272,False
9.5,50,19.053522,False
13.5,50,19.080289,False
8.5,50,19.107637,False
6.5,50,19.134425,False
8.5,50,19.161558,False
6.5,50,19.188077,False
10.5,50,19.21483,False
3.5,50,19.241642,False
9.5,50,19.267867,False
3.5,50,19.294001,False
10.5,50,19.320767,False
5.5,50,19.347977,False
15.5,50,19.374735,False
4.5,50,19.401304,False
12.5,50,19.427549,False
6.5,50,19.454121,False
7.5,50,19.48087,False
8.5,50,19.507172,False
6.5,50,19.533779,False
7.5,50,19.560706,False
4.5,50,19.586697,False
8.5,50,19.613419,False
7.5,50,19.639508,False
5.5,50,19.665893,False
5.5,50,19.692273,False
6.5,50,19.718298,False
3.5,50,19.744323,False
7.5,50,19.770635,False
3.5,50,19.796792,False
5.5,50,19.822816,False
3.5,50,19.848708,False
5.5,50,19.87554,False
8.5,50,19.902084,False
2.5,50,19.928427,False
11.5,50,20.830964,False
11.5,50,20.865072,False
5.5,50,20.896915,False
12.5,50,20.927998,False
17.5,50,20.958132,False
9.5,50,20.990378,False
14.5,50,21.016947,False
7.5,50,21.04327,False
9.5,50,21.069765,False
11.5,50,21.096068,False
11.5,50,21.122167,False
9.5,50,21.149091,False
8.5,50,21.17583,False
3.5,50,21.202286,False
11.5,50,21.22913,False
11.5,50,21.256064,False
13.5,50,21.282395,False
8.5,50,21.308577,False
13.5,50,21.335559,False
12.5,50,21.362994,False
8.5,50,21.389457,False
8.5,50,21.416068,False
17.5,50,21.44235,False
8.5,50,21.468759,False
10.5,50,21.494567,False
6.5,50,21.521093,False
8.5,50,21.547961,False
14.5,50,21.574161,False
11.5,50,21.60059,False
11.5,50,21.627113,False
6.5,50,21.653679,False
10.5,50,21.680001,False
15.5,50,21.706332,False
6.5,50,21.732208,False
13.5,50,21.758707,False
16.5,50,21.784951,False
10.5,50,21.811832,False
6.5,50,21.838473,False
15.5,50,21.864671,False
9.5,50,21.891469,False
13.5,50,21.918165,False
13.5,50,22.823848,False
8.5,50,22.854771,False
10.5,50,22.886565,False
12.5,50,22.9162,False
11.5,50,22.947891,False
11.5,50,22.979344,False
14.5,50,23.006766,False
12.5,50,23.032434,False
11.5,50,23.058425,False
12.5,50,23.084395,False
10.5,50,23.1107,False
14.5,50,23.137435,False
10.5,50,23.163827,False
9.5,50,23.190318,False
6.5,50,23.217069,False
13.5,50,23.243418,False
11.5,50,23.270636,False
14.5,50,23.296826,False
14.5,50,23.323598,False
12.5,50,23.3505,False
12.5,50,23.377175,False
11.5,50,23.40342,False
10.5,50,23.42988,False
14.5,50,23.456448,False
13.5,50,23.482581,False
17.5,50,23.508614,False
16.5,50,23.535205,False
12.5,50,23.562425,False
14.5,50,23.589113,False
13.5,50,23.615877,False
11.5,50,23.642304,False
10.5,50,23.668375,False
14.5,50,23.694927,False
14.5,50,23.721319,False
12.5,50,23.748003,False
15.5,50,23.774113,False
12.5,50,23.800636,False
10.5,50,23.827055,False
6.5,50,23.853,False
11.5,50,23.878916,False
15.5,50,23.904939,False
14.5,50,24.847425,False
15.5,50,24.877816,False
16.5,50,24.908343,False
13.5,50,24.937049,False
18.5,50,24.969152,False
17.5,50,25.001229,False
14.5,50,25.028297,False
17.5,50,25.054037,False
13.5,50,25.080125,False
11.5,50,25.106166,False
16.5,50,25.132804,False
17.5,50,25.159962,False
16.5,50,25.186051,False
12.5,50,25.21282,False
20.5,50,25.239695,False
15.5,50,25.265729,False
14.5,50,25.291501,False
17.5,50,25.318156,False
17.5,50,25.345932,False
15.5,50,25.373489,False
13.5,50,25.399729,False
14.5,50,25.426788,False
14.5,50,25.452754,False
13.5,50,25.47885,False
15.5,50,25.505055,False
14.5,50,25.531408,False
15.5,50,25.558586,False
15.5,50,25.585021,False
12.5,50,25.611333,False
17.5,50,25.637426,False
14.5,50,25.663808,False
11.5,50,25.689914,False
12.5,50,25.716384,False
19.5,50,25.742855,False
14.5,50,25.769162,False
14.5,50,25.795313,False
17.5,50,25.821513,False
11.5,50,25.847659,False
17.5,50,25.873892,False
16.5,50,25.900369,False
11.5,50,26.830275,False
11.5,50,26.859194,False
12.5,50,26.890623,False
17.5,50,26.920682,False
15.5,50,26.950517,False
14.5,50,26.979817,False
17.5,50,27.010785,False
17.5,50,27.037721,False
16.5,50,27.064582,False
17.5,50,27.091139,False
18.5,50,27.117319,False
21.5,50,27.144422,False
17.5,50,27.171184,False
19.5,50,27.197517,False
15.5,50,27.224149,False
20.5,50,27.250374,False
19.5,50,27.276212,False
14.5,50,27.302332,False
16.5,50,27.32951,False
16.5,50,27.356938,False
19.5,50,27.383371,False
19.5,50,27.409702,False
15.5,50,27.435775,False
16.5,50,27.461701,False
18.5,50,27.487654,False
20.5,50,27.514008,False
20.5,50,27.540546,False
14.5,50,27.566803,False
19.5,50,27.59321,False
16.5,50,27.6195,False
17.5,50,27.645881,False
16.5,50,27.672768,False
15.5,50,27.698535,False
16.5,50,27.724275,False
17.5,50,27.750575,False
16.5,50,27.77587,False
13.5,50,27.801598,False
14.5,50,27.82725,False
17.5,50,27.852652,False
12.5,50,27.878154,False
18.5,50,27.903855,False
18.5,50,28.78614,False
18.5,50,28.81443,False
14.5,50,28.844657,False
17.5,50,28.876595,False
19.5,50,28.9039,False
20.5,50,28.935092,False
17.5,50,28.965346,False
14.5,50,28.992547,False
18.5,50,29.017815,False
21.5,50,29.043238,False
21.5,50,29.068684,False
18.5,50,29.094553,False
16.5,50,29.119703,False
18.5,50,29.145742,False
17.5,50,29.172089,False
17.5,50,29.197872,False
17.5,50,29.22387,False
16.5,50,29.249473,False
20.5,50,29.275086,False
18.5,50,29.3007,False
19.5,50,29.326708,False
16.5,50,29.353086,False
21.5,50,29.379312,False
16.5,50,29.405194,False
17.5,50,29.431061,False
19.5,50,29.457112,False
18.5,50,29.482859,False
19.5,50,29.508609,False
19.5,50,29.534467,False
19.5,50,29.559564,False
15.5,50,29.585423,False
19.5,50,29.610801,False
19.5,50,29.636283,False
13.5,50,29.661833,False
18.5,50,29.68736,False
22.5,50,29.71277,False
18.5,50,29.738266,False
18.5,50,29.763922,False
15.5,50,29.789346,False
14.5,50,29.814736,False
20.5,50,29.840099,False
17.5,50,30.740091,False
21.5,50,30.770194,False
20.5,50,30.798358,False
19.5,50,30.82935,False
17.5,50,30.860162,False
21.5,50,30.888696,False
22.5,50,30.919906,False
18.5,50,30.946877,False
17.5,50,30.972587,False
20.5,50,30.997985,False
17.5,50,31.023434,False
20.5,50,31.051006,False
20.5,50,31.076938,False
18.5,50,31.103043,False
18.5,50,31.128507,False
21.5,50,31.154777,False
18.5,50,31.180533,False
19.5,50,31.206321,False
21.5,50,31.232149,False
20.5,50,31.257909,False
18.5,50,31.283497,False
15.5,50,31.309034,False
18.5,50,31.335092,False
18.5,50,31.361739,False
19.5,50,31.387716,False
17.5,50,31.413428,False
21.5,50,31.438907,False
17.5,50,31.464892,False
20.5,50,31.490857,False
19.5,50,31.516149,False
20.5,50,31.542705,False
21.5,50,31.56835,False
20.5,50,31.593594,False
15.5,50,31.619111,False
21.5,50,31.644881,False
22.5,50,31.67037,False
20.5,50,31.695812,False
18.5,50,31.7212,False
19.5,50,31.746673,False
21.5,50,31.771796,False
18.5,50,31.797663,False
20.5,50,32.738595,False
20.5,50,32.769155,False
19.5,50,32.800657,False
20.5,50,32.83092,False
19.5,50,32.860525,False
16.5,50,32.894188,False
20.5,50,32.926012,False
21.5,50,32.952236,False
18.5,50,32.978459,False
20.5,50,33.004875,False
19.5,50,33.030571,False
18.5,50,33.056698,False
18.5,50,33.08284,False
21.5,50,33.109213,False
20.5,50,33.135658,False
20.5,50,33.162702,False
22.5,50,33.18917,False
18.5,50,33.215662,False
18.5,50,33.242277,False
19.5,50,33.268704,False
19.5,50,33.295097,False
21.5,50,33.321605,False
19.5,50,33.348932,False
20.5,50,33.375816,False
20.5,50,33.402215,False
21.5,50,33.427955,False
18.5,50,33.454133,False
18.5,50,33.48015,False
19.5,50,33.506424,False
19.5,50,33.532846,False
17.5,50,33.559031,False
17.5,50,33.585341,False
19.5,50,33.6121,False
21.5,50,33.638357,False
19.5,50,33.664724,False
22.5,50,33.690582,False
19.5,50,33.71734,False
20.5,50,33.743446,False
19.5,50,33.770044,False
19.5,50,33.796429,False
19.5,50,33.822739,False
20.5,50,34.744713,False
19.5,50,34.776529,False
20.5,50,34.807814,False
22.5,50,34.842166,False
22.5,50,34.873663,False
19.5,50,34.907041,False
18.5,50,34.936984,False
20.5,50,34.963153,False
22.5,50,34.989028,False
20.5,50,35.01555,False
21.5,50,35.041715,False
20.5,50,35.067824,False
20.5,50,35.094404,False
20.5,50,35.120286,False
22.5,50,35.147198,False
21.5,50,35.174002,False
19.5,50,35.200496,False
19.5,50,35.226781,False
22.5,50,35.253059,False
21.5,50,35.279574,False
18.5,50,35.305992,False
20.5,50,35.332472,False
19.5,50,35.359612,False
18.5,50,35.386265,False
19.5,50,35.412749,False
21.5,50,35.439019,False
20.5,50,35.465852,False
19.5,50,35.492039,False
20.5,50,35.518037,False
21.5,50,35.544679,False
21.5,50,35.570404,False
21.5,50,35.596503,False
20.5,50,35.622552,False
20.5,50,35.648626,False
19.5,50,35.674873,False
22.5,50,35.700811,False
18.5,50,35.726933,False
21.5,50,35.753306,False
18.5,50,35.779443,False
21.5,50,35.805593,False
21.5,50,35.831756,False
21.5,50,36.857549,False
20.5,50,36.892133,False
20.5,50,36.92627,False
20.5,50,36.958541,False
21.5,50,36.990887,False
21.5,50,37.025172,False
20.5,50,37.053503,False
22.5,50,37.080321,False
21.5,50,37.107454,False
19.5,50,37.135782,False
21.5,50,37.164281,False
18.5,50,37.191416,False
21.5,50,37.218785,False
21.5,50,37.246302,False
21.5,50,37.274486,False
20.5,50,37.302069,False
22.5,50,37.329544,False
22.5,50,37.357625,False
19.5,50,37.385938,False
22.5,50,37.414143,False
21.5,50,37.44111,False
20.5,50,37.468474,False
20.5,50,37.49535,False
20.5,50,37.522415,False
22.5,50,37.549433,False
22.5,50,37.575893,False
21.5,50,37.602768,False
20.5,50,37.630132,False
21.5,50,37.657303,False
21.5,50,37.684192,False
22.5,50,37.711508,False
21.5,50,37.740373,False
20.5,50,37.767775,False
22.5,50,37.795278,False
20.5,50,37.823312,False
19.5,50,37.850743,False
21.5,50,37.878213,False
22.5,50,37.905306,False
21.5,50,37.932017,False
21.5,50,37.958833,False
22.5,50,37.985633,False
20.5,50,38.918447,False
22.5,50,38.949061,False
22.5,50,38.980768,False
22.5,50,39.009143,False
22.5,50,39.040067,False
20.5,50,39.072206,False
22.5,50,39.104325,False
22.5,50,39.131404,False
22.5,50,39.159052,False
21.5,50,39.18665,False
22.5,50,39.213822,False
22.5,50,39.240988,False
21.5,50,39.269454,False
21.5,50,39.296828,False
20.5,50,39.32422,False
21.5,50,39.352294,False
21.5,50,39.381846,False
21.5,50,39.408577,False
20.5,50,39.435624,False
21.5,50,39.463148,False
21.5,50,39.490173,False
20.5,50,39.517205,False
21.5,50,39.54418,False
22.5,50,39.570947,False
22.5,50,39.597845,False
21.5,50,39.628023,False
22.5,50,39.655198,False
21.5,50,39.684293,False
21.5,50,39.713013,False
21.5,50,39.740793,False
21.5,50,39.768172,False
22.5,50,39.795264,False
20.5,50,39.822834,False
20.5,50,39.8493,False
21.5,50,39.886171,False
21.5,50,39.919239,False
20.5,50,39.947307,False
21.5,50,39.974061,False
19.5,50,40.001836,False
19.5,50,40.029323,False
20.5,50,40.056267,False
21.5,50,40.999824,False
22.5,50,41.030945,False
21.5,50,41.063308,False
19.5,50,41.094017,False
22.5,50,41.125595,False
21.5,50,41.160242,False
20.5,50,41.19108,False
21.5,50,41.217783,False
21.5,50,41.245539,False
22.5,50,41.272526,False
22.5,50,41.30986,False
21.5,50,41.348385,False
22.5,50,41.376218,False
20.5,50,41.403846,False
20.5,50,41.431558,False
21.5,50,41.460662,False
21.5,50,41.488073,False
21.5,50,41.515148,False
21.5,50,41.543097,False
22.5,50,41.570665,False
22.5,50,41.598476,False
21.5,50,41.625722,False
21.5,50,41.652628,False
20.5,50,41.679498,False
22.5,50,41.706498,False
22.5,50,41.733302,False
21.5,50,41.760534,False
18.5,50,41.787633,False
22.5,50,41.814871,False
21.5,50,41.842114,False
22.5,50,41.86831,False
22.5,50,41.894633,False
22.5,50,41.920715,False
22.5,50,41.946822,False
22.5,50,41.972994,False
21.5,50,41.999411,False
21.5,50,42.025551,False
21.5,50,42.051675,False
21.5,50,42.07772,False
21.5,50,42.103999,False
20.5,50,42.130106,False
22.5,50,43.209887,False
21.5,50,43.243787,False
22.5,50,43.275327,False
22.5,50,43.305942,False
22.5,50,43.338294,False
21.5,50,43.37047,False
22.5,50,43.398526,False
21.5,50,43.42527,False
19.5,50,43.451586,False
22.5,50,43.478401,False
22.5,50,43.504755,False
20.5,50,43.532274,False
20.5,50,43.558612,False
22.5,50,43.585097,False
22.5,50,43.611705,False
22.5,50,43.638826,False
22.5,50,43.665111,False
22.5,50,43.692552,False
19.5,50,43.719301,False
21.5,50,43.745999,False
21.5,50,43.773523,False
22.5,50,43.800078,False
22.5,50,43.826784,False
22.5,50,43.853165,False
22.5,50,43.879526,False
21.5,50,43.906239,False
21.5,50,43.93334,False
21.5,50,43.959792,False
21.5,50,43.986163,False
21.5,50,44.012737,False
22.5,50,44.039431,False
22.5,50,44.065695,False
21.5,50,44.092254,False
22.5,50,44.118723,False
21.5,50,44.145289,False
21.5,50,44.173933,False
22.5,50,44.200873,False
22.5,50,44.227975,False
22.5,50,44.254598,False
22.5,50,44.282289,False
21.5,50,44.308699,False
22.5,50,45.344866,False
22.5,50,45.379038,False
21.5,50,45.409358,False
21.5,50,45.441222,False
21.5,50,45.477672,False
21.5,50,45.511054,False
22.5,50,45.540903,False
22.5,50,45.568106,False
22.5,50,45.595436,False
22.5,50,45.622398,False
22.5,50,45.649301,False
22.5,50,45.677717,False
22.5,50,45.707213,False
22.5,50,45.738654,False
22.5,50,45.768813,False
21.5,50,45.796559,False
22.5,50,45.823232,False
22.5,50,45.849758,False
22.5,50,45.876492,False
22.5,50,45.90295,False
22.5,50,45.929762,False
22.5,50,45.956111,False
21.5,50,45.983278,False
22.5,50,46.010164,False
22.5,50,46.036769,False
22.5,50,46.063039,False
22.5,50,46.090054,False
22.5,50,46.116952,False
22.5,50,46.144111,False
22.5,50,46.171747,False
21.5,50,46.198711,False
22.5,50,46.225161,False
21.5,50,46.252086,False
22.5,50,46.279244,False
22.5,50,46.3057,False
21.5,50,46.333796,False
22.5,50,46.361627,False
21.5,50,46.389891,False
21.5,50,46.416759,False
21.5,50,46.445989,False
22.5,50,46.473433,False
21.5,50,47.624109,False
22.5,50,47.656865,False
22.5,50,47.691908,False
21.5,50,47.727432,False
21.5,50,47.763059,False
22.5,50,47.795736,False
21.5,50,47.823085,False
21.5,50,47.851925,False
22.5,50,47.879835,False
22.5,50,47.907091,False
22.5,50,47.936768,False
21.5,50,47.964294,False
21.5,50,47.993292,False
22.5,50,48.020886,False
22.5,50,48.048669,False
21.5,50,48.08416,False
22.5,50,48.111301,False
22.5,50,48.137974,False
21.5,50,48.165586,False
22.5,50,48.195377,False
21.5,50,48.222586,False
20.5,50,48.250548,False
21.5,50,48.279259,False
21.5,50,48.30637,False
22.5,50,48.33469,False
22.5,50,48.363614,False
22.5,50,48.392569,False
21.5,50,48.419771,False
22.5,50,48.447237,False
21.5,50,48.474709,False
22.5,50,48.501726,False
21.5,50,48.528956,False
21.5,50,48.555736,False
22.5,50,48.583313,False
22.5,50,48.611011,False
21.5,50,48.638591,False
22.5,50,48.665362,False
22.5,50,48.696821,False
22.5,50,48.724114,False
21.5,50,48.75075,False
22.5,50,48.778348,False
21.5,50,50.17909,False
22.5,50,50.221776,False
21.5,50,50.26316,False
22.5,50,50.301755,False
22.5,50,50.342441,False
21.5,50,50.378833,False
21.5,50,50.414059,False
22.5,50,50.449921,False
20.5,50,50.485003,False
22.5,50,50.523581,False
20.5,50,50.560925,False
22.5,50,50.593753,False
20.5,50,50.62967,False
22.5,50,50.665244,False
22.5,50,50.703218,False
22.5,50,50.738891,False
22.5,50,50.775746,False
22.5,50,50.81013,False
21.5,50,50.844533,False
22.5,50,50.878352,False
21.5,50,50.912393,False
22.5,50,50.946032,False
22.5,50,50.979522,False
22.5,50,51.015069,False
22.5,50,51.049394,False
21.5,50,51.083773,False
22.5,50,51.11764,False
22.5,50,51.151908,False
22.5,50,51.186969,False
22.5,50,51.221407,False
22.5,50,51.256211,False
22.5,50,51.289715,False
22.5,50,51.323658,False
19.5,50,51.359901,False
22.5,50,51.394632,False
22.5,50,51.428512,False
22.5,50,51.462715,False
22.5,50,51.497469,False
22.5,50,51.530428,False
22.5,50,51.563109,False
21.5,50,51.597324,False
21.5,50,52.960738,False
21.5,50,52.997517,False
22.5,50,53.037625,False
22.5,50,53.078663,False
22.5,50,53.117207,False
22.5,50,53.151937,False
22.5,50,53.186199,False
22.5,50,53.219927,False
22.5,50,53.253633,False
21.5,50,53.288171,False
22.5,50,53.322191,False
22.5,50,53.356593,False
22.5,50,53.392099,False
22.5,50,53.426347,False
22.5,50,53.460122,False
21.5,50,53.493694,False
22.5,50,53.526498,False
22.5,50,53.56075,False
21.5,50,53.593712,False
22.5,50,53.634824,False
20.5,50,53.677547,False
21.5,50,53.760844,False
22.5,50,53.835307,False
22.5,50,53.909076,False
22.5,50,53.973725,False
22.5,50,54.034206,False
22.5,50,54.072581,False
22.5,50,54.108355,False
22.5,50,54.151683,False
21.5,50,54.189139,False
22.5,50,54.224969,False
22.5,50,54.299821,False
22.5,50,54.403778,False
22.5,50,54.459991,False
21.5,50,54.518569,False
22.5,50,54.568103,False
21.5,50,54.618221,False
22.5,50,54.669599,False
21.5,50,54.70712,False
22.5,50,54.768819,False
22.5,50,54.816874,False
22.5,50,56.590698,False
22.5,50,56.631419,False
21.5,50,56.672026,False
22.5,50,56.710831,False
22.5,50,56.748448,False
22.5,50,56.781327,False
22.5,50,56.813772,False
22.5,50,56.846107,False
22.5,50,56.878811,False
22.5,50,56.910999,False
22.5,50,56.943419,False
22.5,50,56.976092,False
22.5,50,57.008817,False
22.5,50,57.041352,False
22.5,50,57.073958,False
22.5,50,57.105712,False
22.5,50,57.138563,False
22.5,50,57.173047,False
21.5,50,57.206904,False
22.5,50,57.241355,False
22.5,50,57.275653,False
21.5,50,57.308522,False
22.5,50,57.341827,False
21.5,50,57.377178,False
22.5,50,57.411902,False
21.5,50,57.4461,False
21.5,50,57.479781,False
22.5,50,57.513022,False
22.5,50,57.546012,False
22.5,50,57.578814,False
22.5,50,57.611341,False
22.5,50,57.644809,False
22.5,50,57.679155,False
21.5,50,57.71154,False
22.5,50,57.74403,False
22.5,50,57.776734,False
22.5,50,57.809416,False
22.5,50,57.841748,False
22.5,50,57.874125,False
22.5,50,57.906347,False
22.5,50,57.939776,False
22.5,50,59.264498,False
22.5,50,59.30282,False
22.5,50,59.341968,False
22.5,50,59.383861,False
21.5,50,59.423195,False
22.5,50,59.455677,False
22.5,50,59.48963,False
22.5,50,59.521842,False
22.5,50,59.554568,False
22.5,50,59.588371,False
22.5,50,59.621911,False
21.5,50,59.655823,False
22.5,50,59.688532,False
22.5,50,59.721099,False
22.5,50,59.753139,False
22.5,50,59.785479,False
22.5,50,59.817889,False
22.5,50,59.850598,False
22.5,50,59.882566,False
21.5,50,59.914125,False
22.5,50,59.94637,False
22.5,50,59.978603,False
21.5,50,60.011637,False
22.5,50,60.043893,False
22.5,50,60.077069,False
22.5,50,60.110007,False
22.5,50,60.14301,False
21.5,50,60.17665,False
22.5,50,60.211096,False
22.5,50,60.245677,False
22.5,50,60.279127,False
22.5,50,60.311431,False
22.5,50,60.343898,False
22.5,50,60.379668,False
22.5,50,60.414376,False
22.5,50,60.447521,False
22.5,50,60.480859,False
22.5,50,60.513506,False
22.5,50,60.546531,False
22.5,50,60.57874,False
22.5,50,60.611478,False
22.5,50,61.943482,False
22.5,50,61.981548,False
21.5,50,62.017676,False
22.5,50,62.054351,False
22.5,50,62.092287,False
22.5,50,62.127547,False
22.5,50,62.160867,False
22.5,50,62.194873,False
22.5,50,62.227645,False
22.5,50,62.261984,False
22.5,50,62.294822,False
21.5,50,62.327336,False
22.5,50,62.359682,False
22.5,50,62.394795,False
22.5,50,62.429531,False
22.5,50,62.463189,False
22.5,50,62.495903,False
22.5,50,62.528913,False
22.5,50,62.563094,False
22.5,50,62.595682,False
22.5,50,62.629034,False
22.5,50,62.66251,False
22.5,50,62.695552,False
22.5,50,62.727766,False
22.5,50,62.760652,False
22.5,50,62.793403,False
22.5,50,62.825287,False
22.5,50,62.857449,False
21.5,50,62.889616,False
22.5,50,62.921843,False
22.5,50,62.956162,False
22.5,50,62.991147,False
22.5,50,63.024581,False
22.5,50,63.059019,False
22.5,50,63.092981,False
21.5,50,63.130377,False
22.5,50,63.165132,False
22.5,50,63.200163,False
22.5,50,63.233649,False
22.5,50,63.269215,False
22.5,50,63.303706,False
22.5,50,64.324871,False
22.5,50,64.354655,False
21.5,50,64.38554,False
22.5,50,64.415806,False
21.5,50,64.445458,False
22.5,50,64.475486,False
22.5,50,64.504614,False
22.5,50,64.529293,False
22.5,50,64.554232,False
21.5,50,64.579353,False
22.5,50,64.60405,False
22.5,50,64.629048,False
22.5,50,64.653294,False
22.5,50,64.677815,False
22.5,50,64.701798,False
22.5,50,64.725576,False
22.5,50,64.759827,False
22.5,50,64.78679,False
22.5,50,64.815384,False
22.5,50,64.841874,False
22.5,50,64.869397,False
22.5,50,64.896203,False
22.5,50,64.922926,False
22.5,50,64.950017,False
22.5,50,64.975252,False
22.5,50,65.001444,False
22.5,50,65.027035,False
22.5,50,65.052594,False
22.5,50,65.077943,False
21.5,50,65.103475,False
22.5,50,65.129698,False
22.5,50,65.15416,False
22.5,50,65.179277,False
22.5,50,65.204092,False
22.5,50,65.228304,False
22.5,50,65.253634,False
22.5,50,65.279959,False
22.5,50,65.30451,False
22.5,50,65.329985,False
21.5,50,65.355011,False
22.5,50,65.381651,False
22.5,50,66.383721,False
22.5,50,66.414067,False
22.5,50,66.444215,False
22.5,50,66.477116,False
22.5,50,66.509124,False
22.5,50,66.542432,False
22.5,50,66.568381,False
22.5,50,66.593305,False
22.5,50,66.620199,False
22.5,50,66.64568,False
22.5,50,66.673579,False
22.5,50,66.699683,False
21.5,50,66.727258,False
21.5,50,66.754024,False
22.5,50,66.78023,False
22.5,50,66.805506,False
22.5,50,66.83086,False
22.5,50,66.855853,False
22.5,50,66.880001,False
22.5,50,66.904065,False
22.5,50,66.92845,False
22.5,50,66.953746,False
22.5,50,66.978587,False
22.5,50,67.003468,False
22.5,50,67.02767,False
22.5,50,67.053095,False
22.5,50,67.077634,False
22.5,50,67.102182,False
21.5,50,67.12748,False
22.5,50,67.152112,False
22.5,50,67.177594,False
22.5,50,67.203614,False
22.5,50,67.228626,False
22.5,50,67.255477,False
22.5,50,67.280965,False
22.5,50,67.306664,False
22.5,50,67.33194,False
22.5,50,67.358499,False
22.5,50,67.385544,False
21.5,50,67.411572,False
22.5,50,67.43758,False
22.5,50,68.342224,False
22.5,50,68.372047,False
22.5,50,68.405273,False
22.5,50,68.436066,False
22.5,50,68.467406,False
22.5,50,68.496393,False
22.5,50,68.524923,False
22.5,50,68.551896,False
22.5,50,68.577297,False
22.5,50,68.602396,False
21.5,50,68.62784,False
21.5,50,68.652914,False
22.5,50,68.677829,False
22.5,50,68.702742,False
22.5,50,68.727526,False
22.5,50,68.752804,False
22.5,50,68.777746,False
21.5,50,68.804365,False
22.5,50,68.829544,False
22.5,50,68.854623,False
22.5,50,68.880271,False
22.5,50,68.905207,False
22.5,50,68.930648,False
22.5,50,68.955195,False
22.5,50,68.979685,False
22.5,50,69.004751,False
22.5,50,69.029423,False
21.5,50,69.053823,False
22.5,50,69.07836,False
22.5,50,69.103013,False
22.5,50,69.129355,False
22.5,50,69.155111,False
22.5,50,69.181208,False
22.5,50,69.209025,False
22.5,50,69.235484,False
22.5,50,69.263222,False
22.5,50,69.289375,False
22.5,50,69.315327,False
22.5,50,69.339667,False
22.5,50,69.369315,False
22.5,50,69.398159,False
22.5,50,70.426103,False
21.5,50,70.46003,False
22.5,50,70.492879,False
22.5,50,70.524435,False
22.5,50,70.557937,False
22.5,50,70.596748,False
22.5,50,70.625009,False
22.5,50,70.651489,False
22.5,50,70.677105,False
21.5,50,70.703579,False
22.5,50,70.728862,False
22.5,50,70.754031,False
22.5,50,70.778996,False
22.5,50,70.804351,False
22.5,50,70.829785,False
22.5,50,70.854779,False
22.5,50,70.879889,False
22.5,50,70.904895,False
22.5,50,70.929021,False
22.5,50,70.953375,False
22.5,50,70.977316,False
22.5,50,71.001331,False
22.5,50,71.02545,False
22.5,50,71.049792,False
21.5,50,71.074623,False
22.5,50,71.099983,False
22.5,50,71.127159,False
22.5,50,71.152593,False
22.5,50,71.178127,False
22.5,50,71.204622,False
22.5,50,71.230204,False
22.5,50,71.256045,False
22.5,50,71.282645,False
22.5,50,71.307478,False
22.5,50,71.332369,False
22.5,50,71.357021,False
22.5,50,71.383008,False
22.5,50,71.408253,False
22.5,50,71.433265,False
22.5,50,71.458419,False
21.5,50,71.482986,False
22.5,50,72.438048,False
22.5,50,72.469742,False
22.5,50,72.501785,False
22.5,50,72.533935,False
22.5,50,72.567367,False
22.5,50,72.597849,False
22.5,50,72.624323,False
22.5,50,72.65129,False
22.5,50,72.677237,False
22.5,50,72.70398,False
22.5,50,72.729011,False
22.5,50,72.75398,False
22.5,50,72.779134,False
22.5,50,72.804362,False
22.5,50,72.830004,False
22.5,50,72.855132,False
22.5,50,72.880035,False
22.5,50,72.904983,False
22.5,50,72.92991,False
22.5,50,72.957539,False
22.5,50,72.982526,False
22.5,50,73.008087,False
22.5,50,73.033241,False
22.5,50,73.058312,False
22.5,50,73.083992,False
22.5,50,73.109514,False
22.5,50,73.134987,False
22.5,50,73.160453,False
22.5,50,73.186211,False
22.5,50,73.211673,False
22.5,50,73.237657,False
22.5,50,73.263449,False
22.5,50,73.291956,False
22.5,50,73.317622,False
22.5,50,73.343578,False
22.5,50,73.369426,False
22.5,50,73.395109,False
22.5,50,73.421213,False
22.5,50,73.446512,False
21.5,50,73.471716,False
21.5,50,73.496349,False
22.5,50,74.497608,False
22.5,50,74.529862,False
22.5,50,74.561289,False
22.5,50,74.592548,False
22.5,50,74.625272,False
22.5,50,74.657837,False
22.5,50,74.684965,False
22.5,50,74.712039,False
22.5,50,74.739623,False
22.5,50,74.766846,False
22.5,50,74.794542,False
22.5,50,74.821875,False
22.5,50,74.849385,False
22.5,50,74.876897,False
22.5,50,74.904559,False
22.5,50,74.932158,False
22.5,50,74.958995,False
22.5,50,74.986031,False
22.5,50,75.013344,False
22.5,50,75.04034,False
22.5,50,75.067832,False
22.5,50,75.094885,False
22.5,50,75.121866,False
22.5,50,75.149271,False
22.5,50,75.176937,False
22.5,50,75.204255,False
22.5,50,75.231353,False
22.5,50,75.259858,False
22.5,50,75.287179,False
22.5,50,75.314397,False
22.5,50,75.341549,False
22.5,50,75.369259,False
22.5,50,75.397387,False
22.5,50,75.425308,False
22.5,50,75.452565,False
22.5,50,75.479706,False
22.5,50,75.506455,False
22.5,50,75.534558,False
22.5,50,75.561215,False
21.5,50,75.588178,False
22.5,50,75.615587,False
22.5,50,76.604011,False
22.5,50,76.636633,False
22.5,50,76.668627,False
22.5,50,76.70243,False
22.5,50,76.735613,False
22.5,50,76.765735,False
22.5,50,76.793771,False
22.5,50,76.821877,False
22.5,50,76.849828,False
22.5,50,76.878264,False
22.5,50,76.906332,False
22.5,50,76.934276,False
22.5,50,76.962107,False
22.5,50,76.991416,False
22.5,50,77.019191,False
22.5,50,77.047165,False
22.5,50,77.075347,False
22.5,50,77.105031,False
22.5,50,77.134867,False
22.5,50,77.163205,False
22.5,50,77.193631,False
22.5,50,77.222121,False
22.5,50,77.251363,False
22.5,50,77.280984,False
22.5,50,77.30869,False
22.5,50,77.33642,False
22.5,50,77.364901,False
22.5,50,77.39371,False
22.5,50,77.422512,False
22.5,50,77.450389,False
22.5,50,77.477603,False
22.5,50,77.505574,False
22.5,50,77.539134,False
22.5,50,77.567567,False
22.5,50,77.595626,False
22.5,50,77.625498,False
22.5,50,77.654497,False
22.5,50,77.683085,False
21.5,50,77.711334,False
22.5,50,77.738939,False
22.5,50,77.766624,False
22.5,50,78.762426,False
22.5,50,78.794447,False
22.5,50,78.826953,False
22.5,50,78.864738,False
21.5,50,78.897129,False
22.5,50,78.926116,False
22.5,50,78.954321,False
22.5,50,78.981952,False
22.5,50,79.009794,False
22.5,50,79.037081,False
22.5,50,79.064655,False
22.5,50,79.092522,False
22.5,50,79.119975,False
22.5,50,79.14761,False
22.5,50,79.176866,False
22.5,50,79.206001,False
22.5,50,79.2337,False
22.5,50,79.261585,False
22.5,50,79.290623,False
22.5,50,79.320119,False
22.5,50,79.347472,False
22.5,50,79.376134,False
22.5,50,79.405493,False
22.5,50,79.433045,False
22.5,50,79.461095,False
22.5,50,79.48819,False
22.5,50,79.515435,False
22.5,50,79.542621,False
21.5,50,79.569362,False
22.5,50,79.596291,False
22.5,50,79.623398,False
22.5,50,79.650575,False
21.5,50,79.677603,False
22.5,50,79.704204,False
22.5,50,79.731538,False
22.5,50,79.759759,False
22.5,50,79.786069,False
22.5,50,79.812804,False
22.5,50,79.839345,False
22.5,50,79.868772,False
22.5,50,79.895242,False
22.5,50,80.805861,False
22.5,50,80.837448,False
22.5,50,80.867107,False
22.5,50,80.896659,False
22.5,50,80.928593,False
22.5,50,80.959784,False
22.5,50,80.986562,False
22.5,50,81.014317,False
22.5,50,81.041303,False
22.5,50,81.06861,False
22.5,50,81.095637,False
22.5,50,81.12263,False
22.5,50,81.150091,False
22.5,50,81.176779,False
22.5,50,81.205341,False
22.5,50,81.232109,False
22.5,50,81.261257,False
22.5,50,81.287844,False
22.5,50,81.31607,False
22.5,50,81.34366,False
22.5,50,81.372038,False
22.5,50,81.401609,False
22.5,50,81.429347,False
21.5,50,81.457683,False
22.5,50,81.484877,False
22.5,50,81.512074,False
22.5,50,81.539474,False
22.5,50,81.567129,False
22.5,50,81.593717,False
22.5,50,81.620115,False
22.5,50,81.64689,False
22.5,50,81.673788,False
22.5,50,81.700291,False
22.5,50,81.726686,False
21.5,50,81.753133,False
22.5,50,81.779497,False
22.5,50,81.806108,False
22.5,50,81.832421,False
22.5,50,81.858879,False
22.5,50,81.885647,False
22.5,50,82.804629,False
22.5,50,82.840991,False
21.5,50,82.874358,False
22.5,50,82.907521,False
22.5,50,82.940532,False
22.5,50,82.972262,False
22.5,50,83.00123,False
22.5,50,83.027923,False
22.5,50,83.054548,False
22.5,50,83.082122,False
22.5,50,83.108781,False
22.5,50,83.135688,False
22.5,50,83.162291,False
22.5,50,83.189656,False
22.5,50,83.216615,False
21.5,50,83.242932,False
22.5,50,83.270654,False
22.5,50,83.298069,False
22.5,50,83.324595,False
22.5,50,83.351547,False
22.5,50,83.378836,False
22.5,50,83.406995,False
22.5,50,83.434019,False
22.5,50,83.460554,False
22.5,50,83.486527,False
22.5,50,83.512974,False
21.5,50,83.539718,False
22.5,50,83.565912,False
22.5,50,83.591889,False
22.5,50,83.617698,False
22.5,50,83.644416,False
22.5,50,83.671233,False
22.5,50,83.697638,False
22.5,50,83.724188,False
22.5,50,83.750408,False
22.5,50,83.776449,False
22.5,50,83.803181,False
22.5,50,83.82992,False
22.5,50,83.85649,False
22.5,50,83.882997,False
22.5,50,83.909571,False
22.5,50,84.879227,False
22.5,50,84.911388,False
22.5,50,84.942624,False
22.5,50,84.973798,False
22.5,50,85.004157,False
22.5,50,85.034234,False
22.5,50,85.065242,False
22.5,50,85.091598,False
22.5,50,85.11795,False
22.5,50,85.14444,False
22.5,50,85.170942,False
22.5,50,85.198291,False
22.5,50,85.224361,False
21.5,50,85.250985,False
22.5,50,85.277188,False
22.5,50,85.303901,False
22.5,50,85.330343,False
22.5,50,85.356738,False
22.5,50,85.383959,False
22.5,50,85.411641,False
22.5,50,85.438084,False
22.5,50,85.464492,False
22.5,50,85.490631,False
22.5,50,85.516872,False
22.5,50,85.543559,False
22.5,50,85.570189,False
22.5,50,85.596295,False
22.5,50,85.622317,False
22.5,50,85.648947,False
22.5,50,85.675259,False
22.5,50,85.700992,False
22.5,50,85.727194,False
22.5,50,85.753338,False
22.5,50,85.779491,False
22.5,50,85.805938,False
22.5,50,85.832504,False
22.5,50,85.858923,False
22.5,50,85.884956,False
22.5,50,85.911477,False
22.5,50,85.937746,False
22.5,50,85.964164,False
22.5,50,86.919918,False
22.5,50,86.948353,False
22.5,50,86.976991,False
22.5,50,87.007198,False
22.5,50,87.038239,False
22.5,50,87.066151,False
22.5,50,87.096025,False
22.5,50,87.122811,False
22.5,50,87.148541,False
22.5,50,87.174487,False
22.5,50,87.200597,False
22.5,50,87.225923,False
22.5,50,87.25201,False
22.5,50,87.278077,False
22.5,50,87.30381,False
22.5,50,87.329206,False
22.5,50,87.354944,False
22.5,50,87.38089,False
22.5,50,87.407513,False
22.5,50,87.43356,False
22.5,50,87.459151,False
22.5,50,87.484806,False
22.5,50,87.51044,False
22.5,50,87.536392,False
22.5,50,87.56216,False
22.5,50,87.58761,False
22.5,50,87.612964,False
22.5,50,87.639232,False
22.5,50,87.664871,False
22.5,50,87.690276,False
22.5,50,87.715904,False
22.5,50,87.741216,False
22.5,50,87.766352,False
21.5,50,87.791415,False
22.5,50,87.817141,False
22.5,50,87.842753,False
22.5,50,87.868109,False
22.5,50,87.89355,False
22.5,50,87.919129,False
22.5,50,87.944406,False
22.5,50,87.969893,False
22.5,50,88.858335,False
22.5,50,88.888373,False
22.5,50,88.921292,False
22.5,50,88.953564,False
22.5,50,88.983838,False
22.5,50,89.01426,False
22.5,50,89.0442,False
22.5,50,89.069758,False
22.5,50,89.09528,False
22.5,50,89.120995,False
22.5,50,89.14692,False
22.5,50,89.172311,False
22.5,50,89.199884,False
21.5,50,89.226122,False
22.5,50,89.252791,False
22.5,50,89.279531,False
22.5,50,89.305877,False
22.5,50,89.332632,False
22.5,50,89.358993,False
22.5,50,89.386464,False
22.5,50,89.413381,False
22.5,50,89.439567,False
22.5,50,89.466245,False
22.5,50,89.492309,False
22.5,50,89.518574,False
22.5,50,89.545143,False
22.5,50,89.571812,False
22.5,50,89.597985,False
22.5,50,89.624318,False
22.5,50,89.650736,False
22.5,50,89.67701,False
22.5,50,89.703039,False
22.5,50,89.729274,False
22.5,50,89.755431,False
22.5,50,89.78153,False
22.5,50,89.808096,False
22.5,50,89.834482,False
22.5,50,89.861113,False
22.5,50,89.887451,False
22.5,50,89.914173,False
22.5,50,89.940658,False
22.5,50,90.844558,False
22.5,50,90.875719,False
22.5,50,90.906214,False
22.5,50,90.936699,False
22.5,50,90.966556,False
22.5,50,90.995668,False
22.5,50,91.025792,False
22.5,50,91.054083,False
22.5,50,91.080462,False
22.5,50,91.106556,False
22.5,50,91.132779,False
21.5,50,91.159676,False
22.5,50,91.186411,False
22.5,50,91.213385,False
22.5,50,91.239949,False
22.5,50,91.266338,False
22.5,50,91.292693,False
22.5,50,91.319681,False
22.5,50,91.346197,False
22.5,50,91.372875,False
22.5,50,91.400599,False
22.5,50,91.427417,False
22.5,50,91.453822,False
22.5,50,91.480153,False
22.5,50,91.506353,False
22.5,50,91.533356,False
22.5,50,91.559922,False
22.5,50,91.586266,False
22.5,50,91.612193,False
22.5,50,91.638611,False
22.5,50,91.664589,False
22.5,50,91.690693,False
22.5,50,91.716737,False
22.5,50,91.742862,False
22.5,50,91.769419,False
22.5,50,91.795964,False
22.5,50,91.822334,False
22.5,50,91.849151,False
22.5,50,91.876061,False
22.5,50,91.902625,False
22.5,50,91.928814,False
22.5,50,92.830049,False
22.5,50,92.862307,False
22.5,50,92.893433,False
22.5,50,92.923477,False
22.5,50,92.955375,False
22.5,50,92.987557,False
22.5,50,93.016911,False
21.5,50,93.043417,False
22.5,50,93.071915,False
22.5,50,93.098165,False
22.5,50,93.124608,False
22.5,50,93.151143,False
22.5,50,93.177167,False
22.5,50,93.204373,False
22.5,50,93.230734,False
22.5,50,93.25738,False
22.5,50,93.283875,False
22.5,50,93.310468,False
22.5,50,93.337505,False
22.5,50,93.364256,False
22.5,50,93.391105,False
22.5,50,93.41832,False
22.5,50,93.445149,False
22.5,50,93.471573,False
22.5,50,93.498054,False
22.5,50,93.524371,False
22.5,50,93.55075,False
22.5,50,93.576945,False
22.5,50,93.602931,False
22.5,50,93.6291,False
22.5,50,93.655834,False
22.5,50,93.682286,False
22.5,50,93.708887,False
22.5,50,93.735502,False
21.5,50,93.761492,False
22.5,50,93.787192,False
22.5,50,93.814314,False
22.5,50,93.840575,False
22.5,50,93.866843,False
22.5,50,93.893183,False
22.5,50,93.91952,False
22.5,50,94.856374,False
22.5,50,94.892028,False
22.5,50,94.925287,False
22.5,50,94.956576,False
22.5,50,94.988286,False
22.5,50,95.019855,False
22.5,50,95.048275,False
22.5,50,95.075968,False
22.5,50,95.102672,False
22.5,50,95.1302,False
22.5,50,95.158105,False
22.5,50,95.185007,False
22.5,50,95.213484,False
22.5,50,95.241323,False
22.5,50,95.269395,False
22.5,50,95.296435,False
22.5,50,95.324447,False
22.5,50,95.351182,False
22.5,50,95.378765,False
22.5,50,95.406774,False
22.5,50,95.434383,False
22.5,50,95.461708,False
22.5,50,95.488658,False
22.5,50,95.515479,False
22.5,50,95.54261,False
22.5,50,95.569452,False
22.5,50,95.596288,False
22.5,50,95.623209,False
22.5,50,95.650913,False
22.5,50,95.678015,False
22.5,50,95.704823,False
22.5,50,95.731531,False
22.5,50,95.759244,False
22.5,50,95.786588,False
22.5,50,95.813527,False
22.5,50,95.840536,False
22.5,50,95.86814,False
22.5,50,95.894862,False
22.5,50,95.921932,False
22.5,50,95.949229,False
22.5,50,95.976462,False
22.5,50,97.025593,False
22.5,50,97.061036,False
22.5,50,97.092884,False
21.5,50,97.125871,False
22.5,50,97.160049,False
22.5,50,97.194464,False
22.5,50,97.226954,False
22.5,50,97.259609,False
22.5,50,97.289814,False
22.5,50,97.319049,False
22.5,50,97.348117,False
22.5,50,97.378124,False
22.5,50,97.408422,False
22.5,50,97.436504,False
22.5,50,97.46404,False
22.5,50,97.491915,False
22.5,50,97.519009,False
21.5,50,97.547965,False
22.5,50,97.575983,False
22.5,50,97.604698,False
22.5,50,97.633196,False
22.5,50,97.662142,False
22.5,50,97.690225,False
22.5,50,97.719233,False
22.5,50,97.747414,False
22.5,50,97.774976,False
22.5,50,97.802087,False
22.5,50,97.829638,False
22.5,50,97.856636,False
22.5,50,97.883559,False
22.5,50,97.910849,False
22.5,50,97.938382,False
22.5,50,97.965448,False
22.5,50,97.993405,False
22.5,50,98.021479,False
22.5,50,98.050067,False
22.5,50,98.077769,False
22.5,50,98.105711,False
22.5,50,98.13394,False
22.5,50,98.163185,False
22.5,50,98.191812,False
22.5,50,99.452527,False
22.5,50,99.494354,False
22.5,50,99.537958,False
22.5,50,99.573675,False
22.5,50,99.609089,False
22.5,50,99.641009,False
22.5,50,99.670672,False
22.5,50,99.700072,False
22.5,50,99.729484,False
22.5,50,99.757903,False
22.5,50,99.787045,False
22.5,50,99.81687,False
22.5,50,99.846189,False
22.5,50,99.874323,False
22.5,50,99.901907,False
22.5,50,99.929345,False
22.5,50,99.957375,False
22.5,50,99.985261,False
22.5,50,100.012982,False
22.5,50,100.04098,False
22.5,50,100.06874,False
22.5,50,100.096635,False
22.5,50,100.124912,False
22.5,50,100.153599,False
22.5,50,100.183069,False
22.5,50,100.213475,False
22.5,50,100.243819,False
22.5,50,100.276964,False
22.5,50,100.308586,False
22.5,50,100.339435,False
22.5,50,100.367519,False
22.5,50,100.395221,False
22.5,50,100.422738,False
22.5,50,100.449879,False
22.5,50,100.476287,False
22.5,50,100.50268,False
22.5,50,100.528976,False
22.5,50,100.555547,False
22.5,50,100.582123,False
22.5,50,100.609049,False
22.5,50,100.637373,False
22.5,50,101.682376,False
22.5,50,101.713707,False
22.5,50,101.747063,False
22.5,50,101.778997,False
22.5,50,101.81186,False
22.5,50,101.84166,False
22.5,50,101.869337,False
22.5,50,101.895874,False
22.5,50,101.924863,False
22.5,50,101.955551,False
22.5,50,101.983769,False
22.5,50,102.012063,False
22.5,50,102.038402,False
22.5,50,102.064866,False
22.5,50,102.091031,False
21.5,50,102.117599,False
22.5,50,102.143857,False
22.5,50,102.170214,False
22.5,50,102.197285,False
22.5,50,102.224337,False
22.5,50,102.251476,False
22.5,50,102.288594,False
22.5,50,102.326445,False
21.5,50,102.355554,False
22.5,50,102.395308,False
22.5,50,102.430276,False
22.5,50,102.460214,False
22.5,50,102.49113,False
22.5,50,102.521729,False
22.5,50,102.552445,False
22.5,50,102.614978,False
22.5,50,102.66812,False
22.5,50,102.705454,False
22.5,50,102.744133,False
22.5,50,102.783399,False
22.5,50,102.828953,False
22.5,50,102.865228,False
22.5,50,102.902886,False
22.5,50,102.940996,False
22.5,50,102.980666,False
22.5,50,103.019825,False
22.5,50,104.984293,False
22.5,50,105.039455,False
22.5,50,105.091711,False
22.5,50,105.142923,False
22.5,50,105.179964,False
22.5,50,105.216782,False
22.5,50,105.25152,False
22.5,50,105.285595,False
22.5,50,105.318987,False
22.5,50,105.358983,False
22.5,50,105.396195,False
22.5,50,105.431962,False
22.5,50,105.465459,False
22.5,50,105.498488,False
22.5,50,105.53186,False
22.5,50,105.565674,False
22.5,50,105.599492,False
21.5,50,105.635153,False
22.5,50,105.671779,False
22.5,50,105.706428,False
22.5,50,105.744032,False
22.5,50,105.78156,False
22.5,50,105.816996,False
22.5,50,105.85169,False
22.5,50,105.886775,False
22.5,50,105.922123,False
22.5,50,105.956746,False
22.5,50,105.991557,False
22.5,50,106.026151,False
22.5,50,106.061219,False
22.5,50,106.095332,False
22.5,50,106.129983,False
22.5,50,106.167214,False
22.5,50,106.203222,False
22.5,50,106.238236,False
22.5,50,106.274017,False
22.5,50,106.309339,False
22.5,50,106.348298,False
22.5,50,106.400823,False
22.5,50,106.451481,False
22.5,50,106.489325,False
